hotel_id,city_id,city_name,hotel_name,url,latitude,longitude,rating,description
1,2,Aix en Provence,CABADOL - Appartement Aix centre historique - très calme - 50m cours Mirabeau,https://www.booking.com/hotel/fr/appartement-aix-centre-historique-tres-calme-50m-cours-mirabeau.html,43.525962954437,5.451840777874,9.4,"Modern Comforts: CABADOL - Appartement Aix center historique - très calme - 164 ft cours Mirabeau in Aix-en-Provence offers free WiFi, air-conditioning, and a kitchenette. Guests enjoy amenities such as bathrobes, a tea and coffee maker, hairdryer, and a dishwasher. Prime Location: Located in the city center, the apartment is 17 mi from Marseille Provence Airport. Nearby attractions include Les Terrasses du Port Shopping Center (20 mi) and Noter-Dame de la Garde Basilica (21 mi). A restaurant is available in the surroundings. Guest Satisfaction: Highly rated for its convenient location, comfortable bed and room, the property ensures a pleasant stay."
2,2,Aix en Provence,Chambre style balinais,https://www.booking.com/hotel/fr/chambre-style-balinais.html,43.5284284,5.4523766,9.4,"Spacious Accommodations: Chambre style balinais in Aix-en-Provence offers a spacious bed and breakfast experience. Guests enjoy free WiFi, ensuring connectivity during their stay. Comfortable Amenities: The property features a washing machine, private bathroom, tea and coffee maker, hairdryer, coffee machine, dining table, ground-floor unit, fruits, chocolates or cookies, refrigerator, seating area, free toiletries, microwave, dishwasher, shower, TV, private entrance, parquet floors, dining area, electric kettle, and wardrobe. Prime Location: Located 17 mi from Marseille Provence Airport, the bed and breakfast is near attractions such as Marseille Saint-Charles Train Station (19 mi), Les Terrasses du Port Shopping Center (20 mi), and Noter-Dame de la Garde Basilica (22 mi). Guests appreciate the convenient and central location."
3,2,Aix en Provence,Château de Saint-Girons - Luxury Guest House in Provence,https://www.booking.com/hotel/fr/chateau-de-saint-girons.html,43.49892,5.382602,9.8,"Historic Charm: Château de Saint-Girons in Aix-en-Provence is housed in a historic building, offering a unique setting with a sun terrace, garden, and seasonal outdoor swimming pool. Comfortable Accommodations: Rooms feature air-conditioning, private bathrooms, and garden or pool views. Additional amenities include free WiFi, flat-screen TVs, and work desks. Delightful Breakfast: Guests enjoy a continental breakfast with fresh pastries, cheese, fruits, and juice. The child-friendly buffet caters to families with young children. Convenient Location: Located 12 mi from Marseille Provence Airport and near attractions such as Noter-Dame de la Garde Basilica and Palais du Pharo. Free on-site private parking is available."
4,2,Aix en Provence,Domaine de Saint Clair,https://www.booking.com/hotel/fr/domaine-de-saint-clair.html,43.4991564242671,5.43205648570552,9.7,"Domaine de Saint Clair is an adults-only Bed&Breakfast located just 2.1 mi (10 minutes) from the historic center of Aix-en-Provence.

The guest rooms at Domaine de Saint Clair are located in a Provençal house, independent of the mansion. The Domaine de Saint Clair offers only 3 spacious suites to guarantee peace and privacy, in a privileged setting. The suites of 30 m2 each are recently restored and warmly decorated.

The house is fully air-conditioned and has free Wi-Fi internet access.

All suites overlook a large shared terrace with a view of a wooded garden. Their private bathroom has a walk-in shower and all necessary amenities.

The Domaine offers a large outdoor swimming pool, open in season, sunny all day and lined with century-old pines providing shade in the garden surrounding the swimming pool.

A continental breakfast is served on the seasonal terrace or in the breakfast room.

The Estate benefits from an exceptional location, offering the tranquility of the Aix countryside and proximity to the bustling city all year round, with its narrow streets, rich mansions, magnificent fountains and café terraces...

Secure private parking is available free of charge.

The Luberon region is a 25-minute drive away from Domaine de Saint Clair and Les Baux-de-Provence in the Alpilles region is 44 minutes from the property.
Couples in particular like the location – they rated it 9.6 for a two-person trip."
5,2,Aix en Provence,Duplex indépendant avec clim et parking St Donat,https://www.booking.com/hotel/fr/independent-air-conditioned-studio-with-swimming-pool.html,43.5606990605277,5.45155170066377,9.8,"Essential Facilities: Duplex indépendant avec clim et parking St Donat in Aix-en-Provence offers a garden, terrace, outdoor swimming pool, and free WiFi. Guests can relax in the outdoor seating area or enjoy the pool views from the terrace. Comfortable Living: The apartment features one bedroom and one bathroom, air-conditioning, a fully equipped kitchen, washing machine, and free on-site private parking. Additional amenities include a dining area, sofa bed, and soundproofing. Local Attractions: Located 19 mi from Marseille Provence Airport, the property is near attractions such as Les Terrasses du Port Shopping Center (22 mi) and the Museum of Civilizations of Europe and the Mediterranean (22 mi). Walking tours are available."
6,2,Aix en Provence,"Grande maison de vacances jusqu'à 15 personnes, à quelques pas d'Aix-en-Provence",https://www.booking.com/hotel/fr/le-havre-provencal-de-luynes.html,43.473805692861,5.411504855717,9.9,"Spacious Accommodations: Grande maison de vacances jusqu'à 15 personnes, à quelques pas d'Aix-en-Provence offers a spacious holiday home in Aix-en-Provence. The property features five bedrooms and two bathrooms, ensuring comfort for all guests. Exceptional Facilities: Guests can enjoy a saltwater swimming pool, sun terrace, and lush garden. Free WiFi is available throughout the property, enhancing the stay experience. Convenient Location: Located 16 mi from Marseille Provence Airport, the holiday home is near attractions such as Noter-Dame de la Garde Basilica (16 mi) and Les Terrasses du Port Shopping Center (15 mi). Marseille Saint-Charles Train Station is 14 mi away. Guest Services: The property provides private check-in and check-out, a paid shuttle service, and concierge assistance. Additional amenities include an outdoor fireplace, indoor and outdoor play areas, and free on-site parking."
7,2,Aix en Provence,"La Bastide de Damien, 5 clefs Demeure d'Exception et Table Remarquable dans le guide Teritoria, JACUZZI Privatif, Cuisine étoilée Dominique Frérard",https://www.booking.com/hotel/fr/chambres-romantiques-aix-en-provence.html,43.5919051,5.3909078,9.5,"Historic Charm: La Bastide de Damien in Aix-en-Provence offers a recently renovated guest house housed in a historic building. Guests enjoy a sun terrace, seasonal outdoor swimming pool, and a spa and wellness center. Comfortable Accommodations: Rooms feature air-conditioning, private bathrooms, and modern amenities such as flat-screen TVs and free WiFi. Additional facilities include a hot tub, balcony, and garden views. Dining Experience: A continental breakfast is served daily, complemented by a fine dining restaurant offering Dominique Frérard cuisine. The property also provides free use of bicycles and a dining area. Prime Location: Located 22 mi from Marseille Provence Airport, the guest house is near attractions like Les Terrasses du Port Shopping Center (25 mi) and the Museum of Civilizations of Europe and the Mediterranean (25 mi)."
8,2,Aix en Provence,La Soleillade Aixoise,https://www.booking.com/hotel/fr/la-soleillade-aix-en-provence.html,43.59448133630103,5.459552511114492,9.7,"Elegant Accommodations: La Soleillade Aixoise in Aix-en-Provence offers an adults-only bed and breakfast with a swimming pool with a view, sun terrace, and lush garden. Free WiFi is available throughout the property. Comfortable Amenities: Guests can enjoy a fitness room, beauty services, and a lounge. Additional facilities include a paid shuttle service, concierge, and electric vehicle charging station. Free on-site private parking is provided. Delicious Breakfast: A variety of breakfast options are available, including continental, American, buffet, à la carte, vegetarian, gluten-free, and kosher. Local specialties, fresh pastries, cheese, fruits, and juice are served. Prime Location: Located 22 mi from Marseille Provence Airport, the property is near attractions such as ITER / Cadarache (22 mi) and Les Terrasses du Port Shopping Center (25 mi). Guests appreciate the attentive host and excellent breakfast."
9,2,Aix en Provence,La Villa Rustica,https://www.booking.com/hotel/fr/la-villa-rustica.html,43.5587933,5.4488615,9.8,"Modern Comforts: La Villa Rustica in Aix-en-Provence offers a recently renovated holiday home with one bedroom and a living room. Guests enjoy free WiFi, air-conditioning, and a fully equipped kitchen. Outdoor Spaces: The property features a sun terrace and a garden, perfect for relaxation. An outdoor seating area provides a comfortable space to unwind. Breakfast and Parking: A continental breakfast with fresh pastries and juice is served daily. Free on-site private parking is available for guests. Convenient Location: Located 19 mi from Marseille Provence Airport, the holiday home is near attractions such as Les Terrasses du Port Shopping Center (22 mi) and the Museum of Civilizations of Europe and the Mediterranean (22 mi). Highly rated for room cleanliness and comfort."
10,2,Aix en Provence,La maison de Marie Hélène 2 piscine partagée,https://www.booking.com/hotel/fr/la-maison-de-marie-helene-1.html,43.5072268,5.4651872,9.7,"Elegant Accommodations: La maison de Marie Hélène 2 piscine partagée in Aix-en-Provence offers a villa with a terrace and an outdoor swimming pool. Guests enjoy free WiFi, air-conditioning, and a private bathroom. Modern Amenities: The property features a fully equipped kitchen, washing machine, and dishwasher. Additional amenities include a barbecue, tea and coffee maker, and a dining area. Free on-site private parking is available. Prime Location: Located 18 mi from Marseille Provence Airport, the villa is near attractions such as Noter-Dame de la Garde Basilica (23 mi) and Les Terrasses du Port Shopping Center (21 mi). Marseille Saint-Charles Train Station is 21 mi away. Guest Satisfaction: Highly rated by guests for its friendly host, excellent location, and inviting swimming pool."
11,2,Aix en Provence,Le Beffroi de Gaston Climatisé,https://www.booking.com/hotel/fr/le-beffroi-de-gaston.html,43.5303142,5.4476716,9.5,"Prime City Center Location: Le Beffroi de Gaston Climatisé in Aix-en-Provence offers a central location with free WiFi. Marseille Provence Airport is 17 mi away, while Marseille Saint-Charles Train Station lies 19 mi from the apartment. Comfortable Amenities: The apartment features air-conditioning, a washing machine, and a fully equipped kitchen with an iPad. Additional amenities include a dining area, work desk, and city views. Convenient Services: Guests benefit from a concierge service, minimarket, and hairdresser/beautician. The reception staff speak English and French, ensuring a comfortable stay. Nearby Attractions: Nearby points of interest include Les Terrasses du Port Shopping Center (20 mi) and Noter-Dame de la Garde Basilica (21 mi). The Museum of Civilizations of Europe and the Mediterranean is 20 mi away."
12,2,Aix en Provence,"Le Chastel, T3, Aix Centre Ville",https://www.booking.com/hotel/fr/le-chastel-t3-aix-centre-ville.html,43.529073,5.4518386,9.8,"Spacious Accommodations: Le Chastel, T3, Aix Center Ville offers a spacious apartment in Aix-en-Provence city center. The property features two bedrooms and a bathroom, ensuring comfort for all guests. Modern Amenities: Guests enjoy free WiFi, air-conditioning, and a fully equipped kitchenette. Additional amenities include streaming services, a washing machine, and a work desk. Convenient Location: Located 17 mi from Marseille Provence Airport, the apartment is close to attractions such as Marseille Saint-Charles Train Station (19 mi) and Noter-Dame de la Garde Basilica (22 mi). Walking tours are available."
13,2,Aix en Provence,"Les Secrets d'Alcôve, nuits Romantiques avec SPA",https://www.booking.com/hotel/fr/les-secrets-d-39-alcove-nuitees-romantiques-avec-spa.html,43.530856,5.4490061,9.7,"Comfortable Accommodations: Les Secrets d'Alcôve in Aix-en-Provence offers a spacious apartment with one bedroom and a bathroom. The property features air-conditioning, a terrace, and a hot tub. Guests enjoy free WiFi, a bar, and a wellness center. Modern Amenities: The apartment includes a kitchenette with a coffee machine, dishwasher, and microwave. Additional amenities include a spa bath, tea and coffee maker, hairdryer, and a dining table. Outdoor furniture and a mini-bar enhance the relaxing atmosphere. Prime Location: Located 17 mi from Marseille Provence Airport, the property is near attractions such as Noter-Dame de la Garde Basilica (21 mi) and Palais du Pharo (21 mi). Marseille Saint-Charles Train Station is 19 mi away. Highly rated for its hot tub and friendly host."
14,2,Aix en Provence,Maison Du Collectionneur,https://www.booking.com/hotel/fr/maison-du-collectionneur.html,43.525057,5.452958,9.5,"MAISON DU COLLECTIONNEUR is located in Aix-en-Provence, 1312 feet from Cours Mirabeau, 2953 feet from Saint-Sauveur Cathedral and 525 feet from Saint-Jean-de-Malte Church. The property is a 3-minute walk from Aix-en-Provence Congress Center.

At the bed and breakfast, all rooms are equipped with a wardrobe and a flat-screen Samsung Frame TV. All rooms come with a private bathroom and free toiletries, and certain rooms at MAISON DU COLLECTIONNEUR have a balcony and a garden view. Some rooms on the street side of the property have a view of the cathedral.

A continental breakfast is available every morning at the accommodations. Homemade vegetarian lunchs are available for an extra charge.

MAISON DU COLLECTIONNEUR offers a sun terrace.

Popular points of interest near the property include Caumont Art Center, Granet Museum and Military School D'Aix-En-Provence. The nearest airport is Marseille Provence Airport, 13 mi from MAISON DU COLLECTIONNEUR."
15,2,Aix en Provence,Pavillon de Beauregard,https://www.booking.com/hotel/fr/pavillon-de-beauregard.html,43.5445128,5.468105199999968,9.5,"Offering an outdoor pool and a garden, Pavillon de Beauregard is a Bed and Breakfast located 2.1 mi from Aix-en-Provence. Free WiFi access is available in all rooms.

Each room has an outdoor dining area and views of the garden. They are equipped with an electric kettle and a mini-bar. The private bathrooms have a bath, hairdryer and free toiletries.

At Pavillon de Beauregard you will find barbecue facilities, a shared kitchen and a lounge area with a piano. The property offers a free shuttle service. An array of activities can be enjoyed on site or in the surroundings, including cycling, hiking and painting.

The bed and breakfast is 2 mi from Cours Mirabeau and 8.8 mi from Aix Marseille Golf Club. Marseille Provence Airport is 20 mi away. The property offers free parking."
16,2,Aix en Provence,Studio Nuitée en Provence 2,https://www.booking.com/hotel/fr/residence-adonis.html,43.5433646,5.3736497,9.3,"Comfortable Accommodations: Studio Nuitée en Provence 2 in Aix-en-Provence offers aparthotel-style accommodations with air-conditioning, kitchenettes, balconies, and private bathrooms. Each unit includes a terrace or patio with garden or pool views. Exceptional Facilities: Guests enjoy a sun terrace, seasonal outdoor swimming pool, and a lush garden. The property features a restaurant serving local cuisine, a bar, and free WiFi. Additional amenities include a elevator, coffee shop, and outdoor seating area. Convenient Location: Located 16 mi from Marseille Provence Airport, the aparthotel is near attractions such as Noter-Dame de la Garde Basilica (23 mi) and Les Terrasses du Port Shopping Center (22 mi). Marseille Saint-Charles Train Station is 21 mi away. Guest Satisfaction: Highly rated for its terrace, host, and comfort, Studio Nuitée en Provence 2 ensures a pleasant stay for all visitors."
17,2,Aix en Provence,Suite le Quervalat dans magnifique bastide 18eme,https://www.booking.com/hotel/fr/chambre-d-hote-dans-magnifique-bastide-18eme.html,43.5374602626452,5.3838188333435,9.6,"Elegant Accommodations: Suite le Quervalat dans magnifique bastide 18eme in Aix-en-Provence offers a bed and breakfast experience with a sun terrace, garden, and free WiFi. Comfortable Amenities: Guests enjoy private check-in and check-out, family rooms, and free on-site private parking. Each room features a private bathroom, balcony, and garden views. Convenient Location: Located 17 mi from Marseille Provence Airport, the property is near attractions such as Marseille Saint-Charles Train Station (21 mi) and Noter-Dame de la Garde Basilica (23 mi). Guest Favorites: Guests highly rate the host, terrace, and garden, making it a preferred choice for relaxation and comfort."
18,2,Aix en Provence,The View Aix-en-Provence,https://www.booking.com/hotel/fr/the-view-aix-en-provence.html,43.550864,5.4266136,9.8,"Elegant Accommodations: The View Aix-en-Provence in Aix-en-Provence offers a sun terrace, garden, and outdoor swimming pool. Guests enjoy free WiFi, air-conditioning, and a private entrance. Comfortable Amenities: The guest house features a concierge service, outdoor seating area, and luggage storage. Additional amenities include a mini-bar, work desk, and soundproofed rooms. Delightful Breakfast: A continental breakfast is served with fresh pastries and fruits, providing a perfect start to the day. Prime Location: Located 17 mi from Marseille Provence Airport, the property is near attractions such as Noter-Dame de la Garde Basilica (22 mi) and Les Terrasses du Port Shopping Center (21 mi). Guests appreciate the scenic views and excellent service."
19,2,Aix en Provence,Villa Amara,https://www.booking.com/hotel/fr/villa-amara.html,43.530509,5.4548023,9.8,"Elegant Accommodations: Villa Amara in Aix-en-Provence offers a 5-star guest house experience with an infinity swimming pool, sun terrace, and lush garden. Guests enjoy free WiFi, private check-in and check-out, and concierge services. Comfortable Amenities: The property features air-conditioning, a kitchenette, and a private bathroom. Additional amenities include a coffee shop, outdoor seating area, and picnic spots. Breakfast is served in-room, and yoga classes are available. Prime Location: Located 17 mi from Marseille Provence Airport, Villa Amara is near attractions such as Noter-Dame de la Garde Basilica (22 mi) and Les Terrasses du Port Shopping Center (20 mi). Marseille Saint-Charles Train Station is 19 mi away. Guest Satisfaction: Highly rated for its attentive host, comfortable rooms, and convenient location, Villa Amara ensures a memorable stay for all guests."
20,2,Aix en Provence,Villa Gallici Hôtel & Spa,https://www.booking.com/hotel/fr/villagallici.html,43.536101030690894,5.448788137561678,9.4,"Elegant Accommodations: Villa Gallici Hôtel & Spa in Aix-en-Provence offers a 5-star experience with a spa and wellness center, sauna, fitness center, sun terrace, and a year-round outdoor swimming pool. Guests enjoy free WiFi, a restaurant, bar, and a garden. Comfortable Amenities: Rooms feature air-conditioning, private bathrooms, bathrobes, and modern amenities such as mini-bars and flat-screen TVs. Additional facilities include a hot tub, balcony, and terrace with garden or pool views. Dining Experience: The traditional and romantic restaurant serves Italian and local cuisines for lunch and dinner. Breakfast options include continental, buffet, à la carte, and gluten-free. Prime Location: Located 17 mi from Marseille Provence Airport, the hotel is near attractions like Noter-Dame de la Garde Basilica (21 mi) and Les Terrasses du Port Shopping Center (20 mi). Guests appreciate the spa, attentive staff, and convenient location."
21,10,Biarritz,ALFRED HOTELS Les Halles,https://www.booking.com/hotel/fr/hotelanjou.html,43.481694404236,-1.5630841255187988,9.0,"Completely renovated, the hotel consists of three village houses, 35 rooms spread over 3 floors, and plateaus in the heart of the most shopping district of Biarritz, Les Halles, is a lively and green place, with a few ocean views in premium.

You can relax after a surfing session, a hike in the Halles or stunning walks along the Basque Coast.

The brand new place to live in the vibrant Gambetta Street comes with the restaurant ""La Gambette"". A compelled and lively passage of Gambetta Street, it is the meeting place designed as a village square, where all the audiences are mixed."
22,10,Biarritz,ALFRED HOTELS Port-Vieux,https://www.booking.com/hotel/fr/georges-vi.html,43.48218970895052,-1.5663591027259829,9.1,"Completely renovated in 2024, the Port-vieux hotel, formerly George VI, located in the center of Biarritz, 164 feet from the beach and a 2-minute walk from Les Halles, welcomes you in a new atmosphere by ALFRED HOTELS.

ALFRED HOTELS, embraces a bold and accessible vision of elegance.

Our promise is simple: to surprise with an experience worthy of the greatest establishments, at an affordable price.

Each ALFRED HOTELS is anchored in the hearts of cities, the welcome is made up of smiles that stand out, the rooms combine comfort and elegance, the night is a promise of well-being & breakfast is a gourmet ritual.
ALFRED HOTELS are imagined as a collection of inhabited, lively and sustainable places. We leave room only for the essentials to offer a unique and authentic experience.

We promote the heritage of the Basque Country, by forging strong ties with local partners, preserving and celebrating the unique history of the region and building a local team, which understands its nuances and particularities."
23,10,Biarritz,Biarritz Surf Lodge Chambre d'hôtes,https://www.booking.com/hotel/fr/biarritz-surf-lodge.html,43.4674949,-1.5683752,9.2,"Modern Comforts: Biarritz Surf Lodge Chambre d'hôtes in Biarritz offers a recently renovated bed and breakfast with free WiFi and a sun terrace. Guests enjoy a lounge, shared kitchen, coffee shop, outdoor seating area, and family rooms. Comfortable Amenities: Each room features a private bathroom, kitchen, hairdryer, coffee machine, dining table, outdoor furniture, and a balcony with garden views. Additional amenities include a walk-in shower, refrigerator, work desk, free toiletries, microwave, dishwasher, TV, soundproofing, and parquet floors. Breakfast and Location: A buffet breakfast is served with juice, fresh pastries, cheese, and fruits. Cote des Basques Beach is a 5-minute walk away, and Biarritz Airport is 2.5 mi distant. Nearby attractions include Biarritz La Négresse Train Station (1.6 mi) and Saint-Jean-Baptiste Church (9.9 mi). Scuba diving and surfing are available in the surroundings."
24,10,Biarritz,CHAMBRE D'HOTES Villa BIBICHERI,https://www.booking.com/hotel/fr/villa-bibi-cheri.html,43.473613759292,-1.560570989481,9.4,"Elegant Accommodations: CHAMBRE D'HOTES Villa BIBICHERI in Biarritz offers a 5-star bed and breakfast experience with a sun terrace, garden, and free WiFi. Guests enjoy a hot tub, beauty services, and an outdoor seating area. Comfortable Amenities: The property features family rooms, a coffee shop, and a breakfast in the room. Additional facilities include a hot tub, balcony, and private bathrooms with walk-in showers. Prime Location: Located less than 0.6 mi from Cote des Basques Beach and 2.5 mi from Biarritz Airport, the bed and breakfast is near attractions such as Saint-Jean-Baptiste Church and Hendaye Train Station. Activities include hiking and cycling."
25,10,Biarritz,Casaviel,https://www.booking.com/hotel/fr/casaviel.html,43.462422,-1.56495,9.7,"Comfortable Accommodations: Casaviel in Biarritz offers family rooms with private bathrooms, air-conditioning, and free WiFi. Each room includes a wardrobe, shower, and hairdryer. Outdoor Spaces: Guests can relax in the garden or on the terrace. The property features an outdoor seating area and free parking. Breakfast and Amenities: A delicious breakfast is served daily, including juice, cheese, and fruits. The shared kitchen and outdoor seating enhance the stay. Location and Activities: Located 1.9 mi from Biarritz Airport, Casaviel is a short walk from Plage Milady and near attractions such as Saint-Jean-Baptiste Church. Activities include scuba diving and surfing. Highly rated for its friendly host and excellent breakfast."
26,10,Biarritz,Chambre d'hôtes à Biarritz,https://www.booking.com/hotel/fr/chambre-a-biarritz-avec-salle-de-bain-privee.html,43.474788,-1.5423205,9.9,"Comfortable Accommodations: Chambre d'hôtes à Biarritz in Biarritz offers a sun terrace and a garden. Guests enjoy free WiFi, ensuring a pleasant stay. Modern Facilities: The homestay features a lounge, shared kitchen, coffee shop, and outdoor seating area. Additional amenities include bicycle parking, barbecue facilities, and luggage storage. Breakfast and Dining: A buffet breakfast is served with juice, fresh pastries, and fruits. The on-site coffee shop provides a relaxing space for refreshments. Convenient Location: Located 1.2 mi from Biarritz Airport, the property is close to attractions such as Grande Plage (1.5 mi) and Biarritz La Négresse Train Station (1.4 mi). Surfing opportunities are available in the surrounding area."
27,10,Biarritz,HARITZAGA chambre d'hôte terrasse & jardin privé,https://www.booking.com/hotel/fr/haritzaga.html,43.454337254775,-1.5483580720769998,9.9,"Spacious Accommodations: HARITZAGA chambre d'hôte terrasse & jardin privé in Biarritz offers a spacious bed and breakfast experience with a sun terrace, garden, and free WiFi. Comfortable Amenities: Guests enjoy free use of bicycles, a free airport shuttle service, and private check-in and check-out. Additional facilities include a coffee shop, outdoor seating area, and picnic spots. Delicious Breakfast: A continental or full English/Irish breakfast is served with local specialties, warm dishes, fresh pastries, pancakes, cheese, fruits, and juice. Prime Location: Located 1.2 mi from Biarritz Airport and a 13-minute walk to Biarritz La Négresse Train Station. Nearby attractions include Saint-Jean-Baptiste Church and Saint Jean de Luz Train Station, each 8.7 mi away."
28,10,Biarritz,Hotel Edouard VII,https://www.booking.com/hotel/fr/edouard-vii.html,43.479203222687474,-1.5622150897979736,9.2,"Just 5 minutes walking distance from the Biarritz beaches, sits Hotel Edouard VII, a 19th-century residence that combines the charm of yesterday and the comfort of today.

This unique residence has a rich history based on its past residents. It was once the home of the Mayor of Biarritz. It was also the place Napoleon III used to receive medical care on his visits to the region.

Guestrooms are spacious and feature a refined and elegant décor. All are air-conditioned, soundproofed and equipped with private bathrooms, a flat-screen TV and free WiFi internet access.

The area surrounding Hotel Edouard VII has much to offer. In addition to the beautiful coast and its beaches, you will find restaurants, shops, museums and casinos. San Sebastien is only a 45-minute drive away."
29,10,Biarritz,Hotel Saint Julien,https://www.booking.com/hotel/fr/saint-julien.html,43.479138995554955,-1.5622754395008087,9.2,"Hotel Saint Julien is a 19th-century family residence located in peaceful gardens just a 2-minute walk from the city center of Biarritz. It offers rooms with attached bathroom with free Wi-Fi. Some rooms have views of the ocean and Pyrenees Mountains.

Breakfast is served every morning in the dining room or on the hotel’s terrace. It can also be served in your bedroom at an extra cost.

Guests can visit the Côte Basque beaches which are approximately 656 feet from the hotel."
30,10,Biarritz,Hotel de Silhouette,https://www.booking.com/hotel/fr/de-silhouette-biarritz.html,43.48106772604739,-1.563207507133484,9.1,"Located in the heart of Biarritz, this hotel is in the Halles district, 984 feet from the beaches. It features a 24-hour reception, a terrace in the private garden and air-conditioned rooms.

The soundproofed rooms feature a mini-bar and a flat-screen TV with cable channels. Each room has a private bathroom with amenities and a hairdryer. Free Wi-Fi is available throughout the hotel.

The bar is open all year round and the restaurant serves regional cuisine. In the morning, you can enjoy a buffet breakfast and a brunch at weekends.

The Hôtel de Silhouette has a private car park (reservation required and subject to availability). The hotel is 2625 feet from Le Phare golf club. A free city bus stops every 10 minutes right outside the hotel. Biarritz train station and airport are 3.1 mi away.

An annex ‘La Maison Silhouette’ located 230 ft away welcomes you in its new spacious and i-tech Suites for absolute comfort. Two-story building, no elevator."
31,10,Biarritz,Hôtel Au Bon Coin,https://www.booking.com/hotel/fr/au-bon-coin-biarritz.html,43.4821737,-1.5541904,9.4,"Set 1312 feet from the sea front and the beach La Grande Plage in Biarritz, Au Bon Coin offers a bar, elevator, terrace and free WiFi throughout.

The soundproofed rooms and the suite at Au Bon Coin feature a flat-screen TV , and a private bathroom with free toiletries and a walk-in shower. Rooms suitable for guests with reduced mobility are also available.

The buffet breakfast is available daily and includes tea, coffee, hot chocolate, fruit, bread, French pastries, cheese, ham, fruit juices, yogurts and eggs.

Au Bon Coin is 984 feet from the city center and Biarritz Airport is 1.9 mi away. As an environment friendly property, Au Bon Coin received the The Tourisme Trophee Bearn Pays Basque 2023 and also the Tourisme Handicape label."
32,10,Biarritz,Hôtel Le Café de Paris,https://www.booking.com/hotel/fr/le-cafe-de-paris-4.html,43.482718094375606,-1.5613406896591189,9.1,"Hôtel Le Café de Paris is in central Biarritz, on the pedestrian Place Bellevue and a 5-minute walk from the Halls. All the rooms have panoramic views of the sea.

All rooms are equipped with en suite Italian ceramic bathrooms, a flat-screen TV with satellite and Canal+ channels and free Wi-Fi.

Guests can sample refined cuisine in Hôtel Le Café de Paris’ restaurant. The restaurant offers an outdoor terrace overlooking the Place Bellevue and the sea."
33,10,Biarritz,Hôtel de La Plage,https://www.booking.com/hotel/fr/de-la-plage-biarritz.html,43.482133269718496,-1.567530557513237,9.3,"Located in Biarritz and facing the ocean, Hôtel de La Plage offers rooms with a flat-screen TV and free Wi-Fi access just 164 feet from the Plage du Vieux Port. The train station is located a 10-minute drive away.

The rooms at Hôtel de La Plage have a private bathroom with free toiletries. Some rooms have a view of the sea. Free Wi-Fi access is provided throughout.

A continental breakfast is available every morning. All type of restaurants can be found within 492 feet.

The hotel is a 5-minuted rive from the center of Biarritz and 9.3 mi from Saint-Jean de Luz. Biarritz-Anglet-Bayonne Airport is located a 10-minute drive away."
34,10,Biarritz,"Hôtel du Palais Biarritz, in The Unbound Collection by Hyatt",https://www.booking.com/hotel/fr/hoteldupalaisbiarritz.html,43.48643904244932,-1.5562176704406738,9.5,"This 5-star hotel has 2 pools and a spa and fitness center with hammam, hot tub and massage treatments.

The air-conditioned rooms and suites at Hôtel du Palais Biarritz have a flat-screen TV with satellite channels, free Wi-Fi access and some have a separate seating area.

La Rotonde Restaurant features a contemporary French cuisine. You can finish the day by having a cocktail in Napoleon III Bar.

You can have the breakfast and dinner overlooking a terrace.

There is a children’s playground on site. The hotel is a 2-minute walk from the casino and 10 minutes from the town center. Biarritz-Le-Phare golf course is a 10-minute drive away and Biarritz-Anglet-Bayonne Airport is 1.9 mi from the Palais."
35,10,Biarritz,"L'océan à perte de vue, la grande plage à vos pieds",https://www.booking.com/hotel/fr/l-39-ocean-a-perte-de-vue-la-grande-plage-a-vos-pieds.html,43.4845717,-1.5575612,9.4,"Beachfront Location: L'océan à perte de vue, la grande plage à vos pieds in Biarritz offers direct beachfront access with stunning sea views. Guests can relax on the sun terrace or take a dip in the seasonal outdoor swimming pool. Comfortable Amenities: The apartment features a kitchenette, balcony, private bathroom, and free WiFi. Additional amenities include a elevator, electric vehicle charging station, and free on-site parking. Nearby Attractions: Grande Plage is a 4-minute walk away, while Biarritz Airport is 1.9 mi from the property. Other attractions include Biarritz La Négresse Train Station (1.9 mi) and Saint Jean de Luz Train Station (11 mi). Guest Favorites: Guests highly rate the location with a view, beach access, and balcony. Activities available include hiking, cycling, scuba diving, and surfing."
36,10,Biarritz,Le Garage Biarritz Hôtel,https://www.booking.com/hotel/fr/le-garage-regina.html,43.490592,-1.551697,9.1,"Beachfront Location: Le Garage Biarritz Hôtel in Biarritz offers direct beachfront access with a sun terrace and a seasonal outdoor swimming pool. Guests enjoy sea views and a relaxing atmosphere. Comfortable Accommodations: Rooms feature air-conditioning, private bathrooms, and modern amenities such as mini-bars and flat-screen TVs. Family rooms and ground-floor units provide added comfort. Dining Experience: The hotel restaurant serves European cuisine with vegetarian options in a traditional and modern ambiance. Breakfast includes continental, American, and buffet options. Leisure Activities: Guests can participate in yoga classes, walking tours, and cycling. The surrounding area offers surfing opportunities. Nearby Attractions: Plage Miramar is a 4-minute walk away, and Biarritz Airport is 2.5 mi from the hotel. Other attractions include Saint-Jean-Baptiste Church and Hendaye Train Station."
37,10,Biarritz,Maison Cuevas,https://www.booking.com/hotel/fr/la-maison-du-marquis-biarritz.html,43.484388,-1.541099,9.5,"Comfortable Accommodations: Maison Cuevas in Biarritz offers adults-only guest house accommodations with private bathrooms, air-conditioning, and garden views. Each room includes a mini-bar, TV, and work desk. Exceptional Facilities: Guests enjoy a sauna, year-round outdoor swimming pool, terrace, and balcony. Free WiFi is available throughout the property. Additional amenities include a fitness room, lounge, and coffee shop. Convenient Location: Located 2.5 mi from Biarritz Airport, the guest house is near VVF Beach (1.4 mi) and Saint Jean de Luz Train Station (11 mi). Surfing opportunities enhance the surrounding area. Guest Satisfaction: Highly rated for its central location, host, and convenience for city trips."
38,10,Biarritz,"Maison MAÏTÉ, au cœur de Biarritz",https://www.booking.com/hotel/fr/maison-maite-au-coeur-de-biarritz.html,43.480273111845,-1.559517114314,9.5,"Central Location: Maison MAÏTÉ, au cœur de Biarritz is located in Biarritz city center, offering easy access to key attractions. Grande Plage is a 6-minute walk away, while Biarritz Airport lies 1.9 mi from the property. Comfortable Accommodations: The guest house features family rooms with private bathrooms, ensuring a pleasant stay for all guests. Each room is equipped with a washing machine, tea and coffee maker, and a work desk. Leisure Facilities: Guests can relax on the terrace or balcony, enjoy the bar, and stay connected with free WiFi. Additional amenities include a dining area, kitchen, and city views. Nearby Activities: The surrounding area offers scuba diving and surfing opportunities, catering to active travelers."
39,10,Biarritz,Milady Ocean View,https://www.booking.com/hotel/fr/vue-ocean-classe-3.html,43.468232951471,-1.5701937613769998,9.5,"Essential Facilities: Milady Ocean View in Biarritz offers a terrace and free WiFi. Guests can enjoy sea views and relax in the outdoor dining area. Comfortable Amenities: The apartment features a fully equipped kitchen, private bathroom, washing machine, and free on-site parking. Additional amenities include a work desk, sofa bed, and TV. Prime Location: Located 3.1 mi from Biarritz Airport, the property is steps from Cote des Basques Beach. Nearby attractions include Biarritz La Négresse Train Station (1.9 mi) and Saint Jean de Luz Train Station (11 mi). Guest Highlights: Guests appreciate the convenience for beach trips, terrace, and friendly host."
40,10,Biarritz,"Studio AppartHôtel OCEAN 7, Plage, Piscine, Terrasse",https://www.booking.com/hotel/fr/studio-victoria-surf-grande-plage-coeur-de-biarritz.html,43.48495682283878,-1.5574271581969623,9.5,"Beachfront Location: Studio AppartHôtel OCEAN 7 in Biarritz offers direct beachfront access, a swimming pool with stunning views, and a sun terrace. Guests can relax on the terrace and enjoy the sea breeze. Comfortable Accommodations: The apartment features one bedroom and a fully equipped kitchenette. Amenities include a balcony with mountain views, bathrobes, and free WiFi. Additional facilities include a washing machine, dishwasher, and streaming services. Prime Location: Located 2.5 mi from Biarritz Airport, the property is a short walk from Grande Plage. Nearby attractions include Biarritz La Négresse Train Station (2.3 mi) and Saint Jean de Luz Train Station (11 mi). Guest Services: Private check-in and check-out, paid shuttle service, casino, and waterpark enhance the stay. Free WiFi, electric vehicle charging, and full-day security ensure comfort and safety."
41,12,Carcassonne,45BB,https://www.booking.com/hotel/fr/45bb.html,43.210256,2.350132,9.6,"Historic Setting: 45BB in Carcassonne offers a unique stay within a historic building. The property is highly rated for its attentive host and excellent breakfast. Outdoor Amenities: Guests can relax on the sun terrace or in the garden, enjoy the seasonal outdoor swimming pool, and stay connected with free WiFi. Comfortable Accommodations: Rooms feature air-conditioning, private bathrooms, and modern amenities such as flat-screen TVs and mini-bars. Local Attractions: Located 1.9 mi from Carcassonne Airport, the property is close to Carcassonne Cathedral (656 feet) and Perpignan IUT University (5-minute walk)."
42,12,Carcassonne,Appartement sous les remparts,https://www.booking.com/hotel/fr/appartement-sous-les-remparts.html,43.2051086,2.3605987,9.6,"Comfortable Accommodations: Appartement sous les remparts in Carcassonne offers a ground-floor apartment with free WiFi, a lounge, and family rooms. Guests enjoy a fully equipped kitchen, private bathroom, and a washing machine. Modern Amenities: The apartment features a dining area, TV, and soundproofing. Additional facilities include bicycle parking, luggage storage, and a private entrance. Prime Location: Located 3.1 mi from Carcassonne Airport, the property is a 6-minute walk from Comtal Castle and 0.6 mi from Carcassonne Cathedral. Termes Chateau is 30 mi away. Guest Satisfaction: Highly rated for its convenient location, attentive host, and immaculate room cleanliness."
43,12,Carcassonne,"Au point du jour - Gîtes Carcassonne, Lac de la Cavayère",https://www.booking.com/hotel/fr/au-point-du-jour-gites-carcassonne-carcassonne.html,43.17858,2.4146219,9.6,"Elegant Accommodations: Au point du jor - Gîtes Carcassonne, Lac de la Cavayère in Carcassonne offers a 3-star apartment with a swimming pool, sun terrace, and garden. Free WiFi is available throughout the property. Comfortable Amenities: The apartment features air-conditioning, a terrace, heated pool, washing machine, and a fully equipped kitchen. Additional amenities include a balcony, sofa bed, and parquet floors. Outdoor Activities: Guests can enjoy walking tours and hiking in the surrounding area. The property is 7.5 mi from Carcassonne Airport and 2.1 mi from Cavayere Lake. Comtal Castle is 5 mi away. Guest Favorites: Guests highly rate the lakes, host, and swimming pool, making it a preferred choice for relaxation and leisure."
44,12,Carcassonne,Carcassonne Bed and Breakfast du Palais,https://www.booking.com/hotel/fr/carcassonne-bed-and-breakfast-du-palais.html,43.2135992,2.3570812,9.6,"Elegant Accommodations: Carcassonne Bed and Breakfast du Palais in Carcassonne offers an adults-only environment with a saltwater swimming pool, sun terrace, and lush garden. Guests enjoy free WiFi throughout the property. Comfortable Amenities: The bed and breakfast features private check-in and check-out services, daily housekeeping, and an outdoor seating area. Additional amenities include a picnic area, luggage storage, and a heated pool. Delicious Breakfast: A continental buffet breakfast is served with warm dishes, fresh pastries, pancakes, cheese, fruits, and juice. Special diet menus are available. Prime Location: Located 2.5 mi from Carcassonne Airport, the property is near Memorial House (6-minute walk), Carcassonne Cathedral (less than 0.6 mi), and Comtal Castle (18-minute walk). Highly rated for its attentive host, excellent breakfast, and swimming pool."
45,12,Carcassonne,Carcassonne Townhouse,https://www.booking.com/hotel/fr/carcassonne-townhouse.html,43.209841,2.356905,9.5,"Carcassonne Townhouse is set 0.7 mi form the Cité Médiévale, and 2625 feet from the Place Carnot and shops and restaurants. The Pont Vieux can be reached within 919 feet.

All guest rooms in the bed and breakfast are fitted with a coffee machine. The private bathroom is equipped with a shower, free toiletries and a hairdryer. At Carcassonne Townhouse, each room includes a seating area and have free WiFi. Complimentary tea and coffee making facilities can also be provided.

A continental breakfast is served every day at the property and can be enjoyed on the terrace, depending on the weather.

Carcassonne Townhouse offers a terrace.

Carcassonne Train Station is 0.7 mi from the bed and breakfast. The nearest airport is Carcassonne Airport, 2.5 mi from the property. Free on-street parking available next to the property."
46,12,Carcassonne,Chambre avec vue,https://www.booking.com/hotel/fr/chambres-avec-vue-carcassonne.html,43.2223702440656,2.35440141838533,9.9,"Elegant Accommodations: Chambre avec vue in Carcassonne offers a recently renovated bed and breakfast with a swimming pool, sun terrace, and garden. Guests enjoy free WiFi, air-conditioning, and private bathrooms with walk-in showers. Comfortable Amenities: The property features a lounge, outdoor play area, and picnic spots. Additional amenities include a mini-bar, work desk, and sofa bed. Private check-in and check-out services ensure a seamless arrival and departure. Breathtaking Views: Guests can relax by the pool with views of the garden, mountains, and city. The continental breakfast includes chocolates or cookies, and the outdoor seating area provides a pleasant setting. Prime Location: Located 2.5 mi from Carcassonne Airport, the property is a short walk from Perpignan IUT University - Carcassonne Campus and Memorial House. Carcassonne Cathedral is 1.1 mi away, offering cultural attractions nearby."
47,12,Carcassonne,Chambre indépendante à Carcassonne,https://www.booking.com/hotel/fr/chambre-independante-a-carcassonne.html,43.207116,2.361142,9.7,"Comfortable Accommodations: Chambre indépendante à Carcassonne in Carcassonne offers a bed and breakfast with a terrace and free WiFi. Guests enjoy air-conditioning, private bathrooms, and amenities such as a coffee machine, refrigerator, and TV. Convenient Location: Located 3.1 mi from Carcassonne Airport, the property is a 14-minute walk from Carcassonne Cathedral and 1640 feet from Comtal Castle. Termes Chateau is 31 mi away. Guest Favorites: Guests appreciate the convenient location, terrace, and friendly host. Free on-site private parking is available."
48,12,Carcassonne,Domaine du Prieuré Couvent & Presbytère,https://www.booking.com/hotel/fr/le-couvent-carcassonne.html,43.21626207034991,2.286487966775894,9.6,"Domaine du Prieuré Couvent & Presbytère offers villa accommodations located in Grèzes, a 10-minute drive from Carcassone. One villa is a former convent and the other is a former presbytery. The property offers free WiFi access and guests have access to a shared outdoor pool and garden.

The villas feature a private terrace and a living area with satellite TV. Guests can relax on the Couvent’s outdoor terrace or make use of the barbecue facilities.

There is a children’s playground and free private parking on site. Domaine du Prieuré Couvent & Presbytère is located in the village of Grèzes and is just a 5-minute drive from Carcassonne Airport."
49,12,Carcassonne,Face Cité - Chambres D'Hôtes - Parking & Garage Gratuit - Wi-Fi Gratuit,https://www.booking.com/hotel/fr/face-cite-chambres-double-avec-vue-cite-medievale-carcassonne.html,43.2103561,2.362719,9.6,"Comfortable Accommodations: Face Cité - Chambres D'Hôtes in Carcassonne offers recently renovated bed and breakfast rooms with private bathrooms. Each room features air-conditioning, a work desk, and a TV. Essential Facilities: Guests enjoy a sun terrace and free WiFi. The property includes a lounge, outdoor seating area, and family rooms. Free on-site private parking is available. Prime Location: Located 3.1 mi from Carcassonne Airport, the property is near Memorial House (13-minute walk), Carcassonne Cathedral (0.6 mi), and Comtal Castle (less than 0.6 mi). Highly rated for its friendly host, delicious breakfast, and convenient location."
50,12,Carcassonne,Gîte Carcasso,https://www.booking.com/hotel/fr/carcasso.html,43.207065,2.361346,9.6,"Comfortable Accommodations: Gîte Carcasso in Carcassonne offers a 3-star apartment with free WiFi, air-conditioning, and a private bathroom. The kitchen includes a coffee machine, dishwasher, and microwave. Convenient Facilities: Guests can enjoy a coffee shop, family rooms, and free parking. Additional amenities include a washing machine, hairdryer, and free toiletries. Prime Location: Located 3.1 mi from Carcassonne Airport, the apartment is near Memorial House (15-minute walk), Comtal Castle (1640 feet), and Carcassonne Cathedral (15-minute walk). Hiking opportunities are available in the surroundings. Guest Satisfaction: Highly rated for its convenient location, proximity to castles, and room cleanliness."
51,12,Carcassonne,Gîtes Les 3 Tours 2,https://www.booking.com/hotel/fr/gites-les-3-tours-2.html,43.209431,2.365045,9.6,"Comfortable Accommodations: Gîtes Les 3 Tours 2 in Carcassonne offers a two-bedroom apartment with a terrace and free WiFi. The property features air-conditioning, a balcony with city views, and a fully equipped kitchen. Convenient Facilities: Guests can enjoy a paid shuttle service, 24-hour front desk, waterpark, coffee shop, family rooms, and bicycle parking. Free parking is available on site. Local Attractions: Located 3.1 mi from Carcassonne Airport, the apartment is near Memorial House (15-minute walk), Comtal Castle (2297 feet), and Carcassonne Cathedral (15-minute walk). Walking tours, hiking, and cycling are popular activities. Guest Highlights: Guests appreciate the balcony, convenient location, and scenic views."
52,12,Carcassonne,LA COUR CARREE - chambres d'hôtes,https://www.booking.com/hotel/fr/la-cour-carree-carcassonne.html,43.21088,2.350076,9.7,"Historic Setting: LA COUR CARREE in Carcassonne offers a unique stay within a historic building. Guests enjoy garden and city views, complemented by a terrace and free WiFi. Comfortable Accommodations: Rooms feature air-conditioning, private bathrooms, and soundproofing. Additional amenities include a fireplace, walk-in shower, and parquet floors. Delicious Breakfast: A variety of breakfast options are available, including vegetarian, vegan, halal, gluten-free, and kosher. Fresh pastries, pancakes, fruits, and juice are served daily. Convenient Location: Located 1.9 mi from Carcassonne Airport, the property is close to attractions such as Carcassonne Cathedral (a few steps away) and Comtal Castle (1.2 mi). Walking, bike, and hiking tours are available."
53,12,Carcassonne,La Bastide du Canal avec piscine et clim,https://www.booking.com/hotel/fr/la-bastide-du-canal-carcassonne.html,43.221027,2.3137857,9.7,"Spacious Accommodations: La Bastide du Canal avec piscine et clim in Carcassonne offers a spacious apartment with two bedrooms and two bathrooms. The living room includes a sofa bed and a dining area. Outdoor Amenities: Guests can enjoy a seasonal outdoor swimming pool, a terrace, and a garden. Free WiFi is available throughout the property. Comfortable Facilities: The apartment features air-conditioning, a spa bath, and a fully equipped kitchen with modern appliances. Additional amenities include a work desk, dishwasher, and washing machine. Convenient Location: Located 1.9 mi from Carcassonne Airport, the property is close to attractions such as Carcassonne Cathedral (3.1 mi) and Carcassonne Golf Course (4.3 mi). Free parking is provided. Guest Satisfaction: Highly rated by guests for its friendly host, excellent swimming pool, and delicious breakfast."
54,12,Carcassonne,Le Clos des Lauriers,https://www.booking.com/hotel/fr/les-lauriers-carcassonne1.html,43.196215504178,2.397488239574,9.6,"Comfortable Living Space: Le Clos des Lauriers in Carcassonne offers a ground-floor apartment with one bedroom, one bathroom, and a spacious living room. The property features a fully equipped kitchenette, air-conditioning, and a dining area. Outdoor Amenities: Guests can enjoy a private garden and terrace with garden views. The terrace is equipped with outdoor furniture and an outdoor dining area, providing a relaxing space to unwind. Convenient Facilities: The apartment includes free WiFi, a coffee machine, and a TV. Free on-site private parking is available, and the property is pet-friendly. Local Attractions: Comtal Castle is 2.5 mi away, Cavayere Lake 3.1 mi, and Carcassonne Airport 5.6 mi from the property. Highly rated for its friendly host, beautiful garden, and quiet area."
55,12,Carcassonne,Le Mas Victoria - Chambres d'hôtes avec table d'hôtes-Parking privé ferme,https://www.booking.com/hotel/fr/mas-victoria-carcassonne.html,43.186031558485,2.410051173016,9.9,"Elegant Accommodations: Le Mas Victoria in Carcassonne offers a guest house with a sun terrace, garden, bar, seasonal outdoor swimming pool, and free WiFi. Guests enjoy air-conditioning, private bathrooms, and garden or pool views. Comfortable Amenities: The property features a pool bar, outdoor seating area, bicycle parking, and free on-site private parking. Additional services include shuttle service, menus for special diets, housekeeping, and full-day security. Delicious Breakfast: A continental buffet breakfast with local specialties, fresh pastries, pancakes, cheese, fruits, and juice is served daily. Vegetarian and gluten-free options are available. Prime Location: Located 6.2 mi from Carcassonne Airport, the guest house is near Cavayere Lake (1.7 mi) and Comtal Castle (3.7 mi). Walking, bike, and hiking tours are available. Highly rated for dinner and breakfast."
56,12,Carcassonne,L’Antre d’Eux,https://www.booking.com/hotel/fr/antre-d-eux-carcassonne1.html,43.1945016953875,2.39623760963959,9.7,"Comfortable Accommodations: L’Antre d’Eux in Carcassonne offers air-conditioned rooms with private bathrooms, soundproofing, and free WiFi. Each room includes a work desk, tiled or parquet floors, and outdoor furniture. Relaxing Facilities: Guests can enjoy spa facilities, a sun terrace, and a seasonal outdoor swimming pool. Free bicycles are available for exploring the surrounding area. Delicious Breakfast: A continental breakfast is served daily, featuring local specialties, cheese, fruits, and juice. The property also provides free toiletries and chocolates or cookies. Convenient Location: Located 5.6 mi from Carcassonne Airport, the bed and breakfast is near Cavayere Lake and Comtal Castle, each 2.5 mi away. Free on-site private parking is provided."
57,12,Carcassonne,Pelletier du Claux,https://www.booking.com/hotel/fr/pelletier-du-claux.html,43.20907998775869,2.3631441593170166,,"Historic Setting: Pelletier du Claux in Carcassonne offers a 3-star apartment housed in a historic building. The property features a private entrance and garden views. Modern Amenities: Guests enjoy free WiFi, air-conditioning, and a kitchenette equipped with a coffee machine, microwave, and dishwasher. Additional amenities include a washing machine, private bathroom, and soundproofing. Convenient Location: Located 3.1 mi from Carcassonne Airport, the apartment is a short walk from Memorial House (13 minutes) and Comtal Castle (1969 feet). Carcassonne Cathedral is also nearby. Guest Satisfaction: Highly rated for its host, convenient location, and rich history and culture."
58,12,Carcassonne,SalutBB Chambre d'hote,https://www.booking.com/hotel/fr/salut-chambre-d-hote.html,43.2114488,2.3462993,9.7,"Historic Setting: SalutBB Chambre d'hote in Carcassonne offers a unique stay within a historic building. Guests enjoy garden and city views, complemented by a sun terrace and free WiFi. Comfortable Accommodations: Rooms feature air-conditioning, private bathrooms, and parquet floors. Additional amenities include a work desk, wardrobe, and free toiletries. Delicious Breakfast: A continental buffet breakfast is served daily, including vegetarian, vegan, and gluten-free options. Fresh pastries, cheese, fruits, and juice are available. Convenient Location: Located 1.2 mi from Carcassonne Airport, the property is a short walk from Carcassonne Cathedral and near Memorial House. Comtal Castle is 2.2 mi away."
59,12,Carcassonne,Situation exceptionnelle HARMONY III,https://www.booking.com/hotel/fr/harmony-3.html,43.211813907974,2.352204980181,9.8,"Modern Comforts: Situation exceptionnelle HARMONY III in Carcassonne offers a recently renovated apartment with free WiFi, air-conditioning, and streaming services. The property includes a fully equipped kitchen, private bathroom, and a balcony with city views. Convenient Facilities: Guests benefit from a 24-hour front desk, electric vehicle charging station, laundry service, full-day security, bicycle parking, and luggage storage. Additional amenities include a washing machine, dishwasher, and soundproofing. Prime Location: Located 1.9 mi from Carcassonne Airport, the apartment is a short walk from Carcassonne Cathedral and Memorial House. Nearby attractions include Perpignan IUT University and Carcassonne Campus, each 1640 feet away. Guest Satisfaction: Highly rated for its host, convenient location, and room cleanliness, Situation exceptionnelle HARMONY III ensures a pleasant stay for all visitors."
60,12,Carcassonne,Sur le quai,https://www.booking.com/hotel/fr/sur-le-quai-courtaboeuf-cedex.html,43.20933920581196,2.3557129587402414,9.8,"Elegant Accommodations: Sur le quai in Carcassonne offers an adults-only bed and breakfast with a swimming pool, sun terrace, and garden. Guests enjoy free WiFi, air-conditioning, and private bathrooms with walk-in showers. Comfortable Amenities: The property features a coffee shop, outdoor seating area, and paid on-site private parking. Additional amenities include a TV, soundproofing, and tiled floors. Delightful Breakfast: A continental breakfast is served daily, including juice, fresh pastries, cheese, and fruits. Guests appreciate the quality and variety of the morning meal. Prime Location: Located 1.9 mi from Carcassonne Airport, Sur le quai is near Memorial House (8-minute walk), Carcassonne Cathedral (1969 feet), and Comtal Castle (16-minute walk). Walking tours and hiking are available. Highly rated for its breakfast, host, and scenic views."
61,15,Collioure,Ambeille Collioure,https://www.booking.com/hotel/fr/ambeille-collioure-collioure.html,42.525089223007,3.078770586508,9.1,"Elegant Accommodations: Ambeille Collioure in Collioure offers a recently renovated apartment with two bedrooms and a bathroom. Guests enjoy sea and mountain views, air-conditioning, and a balcony. Exceptional Facilities: The property features a swimming pool with a view, sun terrace, open-air bath, and free WiFi. Additional amenities include a solarium, barbecue facilities, and free on-site private parking. Prime Location: Located 21 mi from Perpignan - Rivesaltes Airport, the apartment is 1.1 mi from Casino Collioure and 1.5 mi from Port Avall Beach and Collioure Royal Castle. Nearby attractions include Saint-Cyprien Golf Course at 14 mi and Stade Gilbert Brutus at 20 mi. Guest Satisfaction: Highly rated for its location with a view, convenient central location, and excellent services."
62,15,Collioure,"Apartment Olive & Kin, Collioure",https://www.booking.com/hotel/fr/residence-port-d-39-avall.html,42.522267294742,3.088695332819,9.5,"Elegant Accommodations: Apartment Olive & Kin in Collioure offers a swimming pool with stunning views, a sun terrace, and a lush garden. Guests can also enjoy a tennis court and free WiFi throughout the property. Comfortable Amenities: The apartment features two bedrooms, a living room, and a fully equipped kitchen. Additional facilities include air-conditioning, a balcony, and a washing machine. Free on-site private parking is available. Prime Location: Located a 5-minute walk from Boutigue Beach and less than 0.6 mi from Collioure Royal Castle, the property is 26 mi from Perpignan - Rivesaltes Airport. Nearby attractions include Casino Collioure (2.3 mi) and Stade Gilbert Brutus (21 mi)."
63,15,Collioure,Au coeur de Collioure,https://www.booking.com/hotel/fr/au-coeur-de-collioure.html,42.5273935,3.0847579,9.4,"Historic Setting: Au coeur de Collioure is a 3-star apartment in Collioure, housed in a historic building. The property offers a unique setting with tiled floors and soundproofing. Beachfront and Amenities: Guests enjoy beachfront access, an open-air bath, and free WiFi. The apartment features air-conditioning, a kitchenette, washing machine, and a private entrance. Comfort and Convenience: The apartment includes a dining area, sofa bed, and city views. Additional amenities include a TV, microwave, and soundproofing. Local Attractions: Boramar Beach is just a few steps away, while Collioure Royal Castle is a 1-minute walk. Perpignan - Rivesaltes Airport is 25 mi from the property."
64,15,Collioure,Canta la Mar - Vue exceptionnelle,https://www.booking.com/hotel/fr/studio-canta-la-mar-vue-exceptionnelle.html,42.5244310979188,3.09031585214175,9.5,"Beachfront Location: Canta la Mar - Vue exceptionnelle in Collioure offers direct beachfront access, a sun terrace, and a lush garden. Guests enjoy stunning sea views and a serene setting. Comfortable Accommodations: The apartment features one bedroom, a living room, and a fully equipped kitchen. Air-conditioning, a terrace, and a balcony provide comfort and relaxation. Convenient Facilities: Free WiFi, a minimarket, coffee shop, outdoor seating area, hairdresser, and bicycle parking enhance the stay. Free on-site parking is available. Local Attractions: Balette Beach is a 4-minute walk away, while Collioure Royal Castle lies 0.6 mi from the property. Perpignan - Rivesaltes Airport is 27 mi distant."
65,15,Collioure,Casa Collioura & Spa,https://www.booking.com/hotel/fr/casa-collioura.html,42.5235666,3.087087742328,9.2,"Prime Beachfront Location: Casa Collioura & Spa in Collioure offers direct beachfront access and stunning sea views. Boutigue Beach is just a 2-minute walk away, while Collioure Royal Castle lies 1969 feet nearby. Comfortable Accommodations: Recently renovated in a historic building, the apartment features air-conditioning, a private bathroom with a walk-in shower, and a fully equipped kitchen. Guests enjoy free WiFi, a balcony, and a comfortable bed. Wellness and Leisure: The property includes spa facilities, beauty services, and wellness packages. Additional amenities include a fitness center, sauna, and massage treatments. Convenient Services: Private check-in and check-out, concierge, and housekeeping services ensure a hassle-free stay. Perpignan - Rivesaltes Airport is 26 mi away, and nearby attractions include Casino Collioure (1.9 mi) and Stade Gilbert Brutus (21 mi)."
66,15,Collioure,Chambre_privée_Collioure_centre,https://www.booking.com/hotel/fr/chambre-privee-collioure-centre.html,42.526851,3.083962,9.2,"Comfortable Accommodations: Chambre_privée_Collioure_centre in Collioure offers a homestay experience with free WiFi, air-conditioning, and parquet floors. Each room includes a private bathroom with a walk-in shower, washing machine, and electric kettle. Convenient Facilities: Guests benefit from private check-in and check-out services, luggage storage, and streaming services. The property features a refrigerator, TV, and tea and coffee maker, ensuring a pleasant stay. Prime Location: Located a few steps from Boramar Beach and a 0-minute walk to Collioure Royal Castle, the homestay is 26 mi from Perpignan - Rivesaltes Airport. Nearby attractions include Casino Collioure (1.9 mi) and Stade Gilbert Brutus (21 mi). Guest Satisfaction: Highly rated for its convenient location, attentive host, and comfortable rooms, Chambre_privée_Collioure_centre provides a welcoming environment for all visitors."
67,15,Collioure,Fenêtre sur Collioure,https://www.booking.com/hotel/fr/fenetre-sur-collioure.html,42.52709583002456,3.0845235515379033,9.2,"Modern Comforts: Fenêtre sur Collioure in Collioure offers free WiFi, air-conditioning, and a fully equipped kitchen with a coffee machine, refrigerator, and dishwasher. The apartment includes a living room with a sofa, TV, and parquet floors. Prime Location: Located a few steps from Boramar Beach and a 1-minute walk to Collioure Royal Castle, the property is 25 mi from Perpignan - Rivesaltes Airport. Nearby attractions include Casino Collioure (1.9 mi) and Stade Gilbert Brutus (21 mi). Guest Favorites: Guests appreciate the convenient and central location, ideal for city trips. The surrounding restaurant enhances the stay with local cuisine."
68,15,Collioure,Gorgeous apartment superbly located in old town,https://www.booking.com/hotel/fr/gorgeous-apartment-superbly-located-in-old-town.html,42.5259943,3.0819807,9.3,"Comfortable Living Space: Gorgeous apartment superbly located in old town offers two bedrooms and a bathroom. The apartment includes a balcony with a quiet street view, air-conditioning, and tiled and parquet floors. Modern Amenities: Guests enjoy free WiFi, a fully equipped kitchen with a dishwasher, washing machine, and dining area. Additional amenities include a work desk, TV, and a comfortable sofa. Prime Location: Located in Collioure, the apartment is a 3-minute walk from Boramar Beach and 984 feet from Collioure Royal Castle. Perpignan - Rivesaltes Airport is 26 mi away. Nearby attractions include Casino Collioure (1.9 mi) and Stade Gilbert Brutus (21 mi). Guest Satisfaction: Highly rated for its balcony, convenient location, and scenic views."
69,15,Collioure,L'équinoxe,https://www.booking.com/hotel/fr/l-39-equinoxe.html,42.5271579,3.0832689,9.8,"Spacious Accommodations: L'équinoxe in Collioure offers a spacious apartment with three bedrooms and three bathrooms. The property features a terrace, tennis court, and free WiFi, ensuring a comfortable stay. Modern Amenities: Guests enjoy air-conditioning, a balcony with city views, a fully equipped kitchen, and a washing machine. Additional amenities include a dining area, walk-in shower, and soundproofing, providing a relaxing environment. Prime Location: Located a 2-minute walk from Boramar Beach and a few steps from Collioure Royal Castle, the apartment is 25 mi from Perpignan - Rivesaltes Airport. Nearby attractions include Casino Collioure (1.9 mi) and Stade Gilbert Brutus (21 mi). Guest Satisfaction: Highly rated for its location, host, and convenient location, L'équinoxe offers walking tours, hiking, and snorkeling activities. Reception staff speak English, Spanish, and French."
70,15,Collioure,La Casa Machado 2,https://www.booking.com/hotel/fr/la-casa-machado-2.html,42.526155660399,3.082232831929,9.7,"Spacious Accommodations: La Casa Machado 2 in Collioure offers a spacious apartment with two bedrooms and a bathroom. The terrace provides a relaxing outdoor space, complemented by free WiFi. Modern Amenities: The apartment includes air-conditioning, a fully equipped kitchen, washing machine, TV, and wardrobe. Additional features include a hairdryer and bath or shower. Prime Location: Located 26 mi from Perpignan - Rivesaltes Airport, the property is a short walk from Boramar Beach and 656 feet from Collioure Royal Castle. Nearby attractions include Casino Collioure (1.7 mi) and Stade Gilbert Brutus (21 mi). Guest Satisfaction: Highly rated by guests for its convenient location, La Casa Machado 2 ensures a comfortable and enjoyable stay."
71,15,Collioure,Le Glacis,https://www.booking.com/hotel/fr/le-glacis.html,42.52445306216,3.082565911639,9.3,"Comfortable Living Space: Le Glacis in Collioure offers a two-bedroom apartment with a terrace and free WiFi. The property includes air-conditioning, a fully equipped kitchen, and a washing machine. Modern Amenities: Guests can enjoy mountain views, a dining area, and outdoor furniture. The apartment features a TV, dishwasher, microwave, and a refrigerator. Prime Location: Located 26 mi from Perpignan - Rivesaltes Airport, the apartment is a short walk from Port Avall Beach and 984 feet from Collioure Royal Castle. Casino Collioure is 1.2 mi away. Guest Satisfaction: Highly rated for its terrace, central location, and convenient location."
72,15,Collioure,Le Machado,https://www.booking.com/hotel/fr/le-machado.html,42.5261352105839,3.08221857994795,9.5,"Comfortable Accommodations: Le Machado in Collioure offers a two-bedroom apartment with a living room. The property features a balcony with garden views, air-conditioning, and a washing machine. Modern Amenities: Guests enjoy free WiFi, a fully equipped kitchen with a coffee machine, dishwasher, and microwave. Additional amenities include a dining area, sofa bed, and a TV. Prime Location: Located 26 mi from Perpignan - Rivesaltes Airport, the apartment is a short walk from Boramar Beach and 656 feet from Collioure Royal Castle. Nearby attractions include Casino Collioure (1.9 mi) and Stade Gilbert Brutus (21 mi). Guest Satisfaction: Highly rated for its convenient location and comfortable rooms, Le Machado ensures a pleasant stay for all visitors."
73,15,Collioure,Le Rooftop Collioure,https://www.booking.com/hotel/fr/le-rooftop-collioure.html,42.526044261338,3.081881079366,9.4,"Beachfront Location: Le Rooftop Collioure in Collioure offers direct beachfront access with stunning sea views. Guests can relax on the terrace or balcony and enjoy the sunshine. Modern Amenities: The apartment features air-conditioning, free WiFi, and a fully equipped kitchenette. Additional amenities include a washing machine, dishwasher, and streaming services. Comfortable Living: The property includes one bedroom and a bathroom, a living room with a sofa bed, and a dining area. Guests can enjoy garden and mountain views from the terrace. Nearby Attractions: Boramar Beach is a 3-minute walk away, while Collioure Royal Castle lies 984 feet nearby. Perpignan - Rivesaltes Airport is 27 mi from the apartment."
74,15,Collioure,Les Roches Brunes,https://www.booking.com/hotel/fr/les-roches-brunes-collioure.html,42.52534777273077,3.0903244632682725,9.2,"Elegant Accommodations: Les Roches Brunes in Collioure offers a 4-star hotel experience with a sun terrace, garden, restaurant, bar, and free WiFi. Guests enjoy sea views, air-conditioning, private bathrooms, and modern amenities. Dining and Leisure: The family-friendly restaurant serves Mediterranean cuisine in a modern and romantic ambiance. Breakfast includes continental and buffet options with juice, fresh pastries, cheese, and fruits. Additional facilities include massage services, yoga classes, and walking tours. Prime Location: Located a few steps from Balette Beach and a 12-minute walk to Collioure Royal Castle, the hotel is 26 mi from Perpignan - Rivesaltes Airport. Nearby attractions include Casino Collioure (2.5 mi) and Stade Gilbert Brutus (21 mi). Guests appreciate the scenic views and convenient location."
75,15,Collioure,Les Suites de Collioure,https://www.booking.com/hotel/fr/les-suites-de-collioure.html,42.52439,3.082726,9.4,"Comfortable Accommodations: Les Suites de Collioure in Collioure offers a 4-star apartment with a terrace and free WiFi. The property features air-conditioning, a kitchenette, and a private bathroom. Convenient Facilities: Guests benefit from private and express check-in and check-out services, a concierge, and family rooms. Additional amenities include a washing machine, dishwasher, and a work desk. Prime Location: Located 26 mi from Perpignan - Rivesaltes Airport, the apartment is a short walk from Port Avall Beach and near Collioure Royal Castle (1312 feet) and Casino Collioure (1.2 mi). Activities such as fishing, walking tours, and hiking are available. Guest Satisfaction: Highly rated for its convenient location, room cleanliness, and attentive host."
76,15,Collioure,Maison Nova - Boutique Hôtel & Spa,https://www.booking.com/hotel/fr/boutique-maison-nova.html,42.5288828,3.0793938,9.2,"Elegant Accommodations: Maison Nova - Boutique Hôtel & Spa in Collioure offers a 5-star experience with a luxurious infinity swimming pool, spa and wellness center, sauna, sun terrace, and lush garden. Guests enjoy free WiFi, a bar, and an outdoor seating area. Comfortable Amenities: The hotel features private check-in and check-out, a shuttle service, concierge, and full-day security. Additional amenities include a coffee shop, hammam, and bicycle parking. Free private parking is available for guests. Delicious Breakfast: A variety of breakfast options are provided, including continental, American, buffet, vegetarian, and gluten-free. Guests can savor warm dishes, fresh pastries, pancakes, cheese, fruits, and juice. Prime Location: Located 25 mi from Perpignan - Rivesaltes Airport, the hotel is a short walk from Boramar Beach and near Collioure Royal Castle. Other attractions include Casino Collioure and Stade Gilbert Brutus. Guests appreciate the attentive staff and excellent service."
77,15,Collioure,Ravissant T2 bord de mer garage privé classé 3 étoiles,https://www.booking.com/hotel/fr/t2-bord-de-mer-avec-garage.html,42.5219555,3.0878545,9.3,"Beachfront Location: Ravissant T2 bord de mer garage privé classé 3 étoiles in Collioure offers direct beachfront access and a sun terrace. Guests enjoy free WiFi throughout the apartment. Comfortable Living: The apartment features one bedroom and a bathroom. Amenities include air-conditioning, a balcony, washing machine, fully equipped kitchen, and free on-site private parking. Local Attractions: Boutigue Beach is a 4-minute walk away, while Collioure Royal Castle lies 2625 feet nearby. Perpignan - Rivesaltes Airport is 26 mi from the property. Guest Satisfaction: Highly rated for room cleanliness, convenient location, and bed comfort."
78,15,Collioure,location Coma Chéric et parking,https://www.booking.com/hotel/fr/location-coma-cheric.html,42.52298110659616,3.0873043662110344,9.6,"Beachfront Location: The apartment offers direct beachfront access and stunning sea views. Guests can relax on the sandy beach just a few steps away or enjoy the serene waters of the Mediterranean Sea. Modern Amenities: The property features free WiFi, air-conditioning, and a fully equipped kitchen. Additional facilities include a waterpark, family rooms, and bicycle parking, ensuring a comfortable and enjoyable stay. Local Attractions: Located in Collioure, the apartment is a short walk from Collioure Royal Castle and Boutigue Beach. Other nearby points of interest include Casino Collioure (2.2 mi) and Stade Gilbert Brutus (21 mi). Guest Satisfaction: Highly rated by guests for its friendly host, convenient location, and quietness of the area, the apartment provides a peaceful retreat with easy access to local attractions."
79,15,Collioure,magnifique T3 bord de mer garage privé classé 3 étoiles,https://www.booking.com/hotel/fr/t3-neuf-garage-clim-wifi-plages-a-3min-a-pied.html,42.5219555,3.0878545,9.4,"Comfortable Accommodations: Magnifique T3 Bord de Mer Garage Privé Classé 3 Étoiles in Collioure offers a 3-star apartment with two bedrooms and a bathroom. The ground-floor unit features a sun terrace and free WiFi, ensuring a pleasant stay. Modern Amenities: The apartment includes air-conditioning, a balcony, washing machine, and a fully equipped kitchen with a coffee machine, microwave, and dishwasher. Additional amenities include a TV, sofa, and tiled floors. Convenient Location: Located 26 mi from Perpignan - Rivesaltes Airport, the property is a short walk from Boutigue Beach and 2625 feet from Collioure Royal Castle. Nearby attractions include Casino Collioure (2.5 mi) and Stade Gilbert Brutus (21 mi). Guest Satisfaction: Highly rated for its convenient location, quietness of the area, and central position, the apartment provides free on-site private parking and an electric vehicle charging station."
80,15,Collioure,«La Calade » Villa les Glycines,https://www.booking.com/hotel/fr/la-calade-villa-les-glycines.html,42.527114840582,3.083204785845,9.2,"Spacious Accommodations: La Calade Villa les Glycines in Collioure offers a spacious apartment with three bedrooms and three bathrooms. The ground-floor unit features a terrace and free WiFi, ensuring a comfortable stay. Modern Amenities: The apartment includes air-conditioning, a fully equipped kitchen with a dishwasher and microwave, a washing machine, and a dining area. Additional amenities include a TV, soundproofing, and tiled and parquet floors. Prime Location: Located a 2-minute walk from Boramar Beach and a few steps from Collioure Royal Castle, the property is 25 mi from Perpignan - Rivesaltes Airport. Nearby attractions include Casino Collioure (1.9 mi) and Stade Gilbert Brutus (21 mi). Highly rated by guests."
81,34,Toulouse,:) Grand studio lumineux à Toulouse et parking,https://www.booking.com/hotel/fr/grand-studio-lumineux-a-toulouse-parking.html,43.5894441,1.4165579,9.6,"Modern Comforts: The apartment offers air-conditioning, a kitchenette, balcony, and a private bathroom with a bath and shower. Guests enjoy free WiFi, a work desk, and a dining area. Convenient Facilities: The property features a terrace, outdoor seating area, bicycle parking, and free on-site private parking. Additional amenities include a elevator, private check-in and check-out services, and free toiletries. Prime Location: Located in Toulouse, the apartment is 3.7 mi from Toulouse-Blagnac Airport and near attractions such as Zénith Toulouse Métropole (1.2 mi) and Saint-Cyprien Republique Metro Station (1.2 mi). Surrounding activities include ice-skating and boating. Guest Satisfaction: Highly rated for its host, convenient location, and room cleanliness."
82,34,Toulouse,Aparthotel Adagio Original Toulouse Centre La Grave,https://www.booking.com/hotel/fr/aparthotel-adagio-original-toulouse-centre-la-grave.html,43.599713382634,1.432899819049,9.1,"Comfortable Accommodations: Aparthotel Adagio Original Toulouse Center La Grave in Toulouse offers family rooms with kitchenettes, private bathrooms, and air-conditioning. Each room includes a dining area, work desk, and free WiFi. Convenient Facilities: Guests benefit from a elevator, 24-hour front desk, full-day security, and luggage storage. Paid on-site private parking is available. The property provides a continental buffet breakfast with local specialties, fresh pastries, pancakes, cheese, fruits, and juice. Prime Location: Located 4.3 mi from Toulouse-Blagnac Airport, the aparthotel is near Saint-Cyprien Republique Metro Station (2-minute walk), Le Pont Neuf (1969 feet), and Place du Capitole (0.8 mi). Boating is available in the surroundings. Highly rated for staff, cleanliness, and central location."
83,34,Toulouse,Appartement de prestige – rue des Arts,https://www.booking.com/hotel/fr/appartement-de-prestige-rue-des-arts-toulouse.html,43.5999961,1.4472636,9.5,"Prime Location: Appartement de prestige – rue des Arts is located in Toulouse city center, offering a convenient and central location. The apartment is 5 mi from Toulouse-Blagnac Airport and close to attractions such as Place du Capitole (2297 feet) and Jardin Royal (2625 feet). Modern Amenities: Guests enjoy free WiFi, air-conditioning, streaming services, and a washing machine. The apartment features a fully equipped kitchen with a coffee machine, microwave, dishwasher, and oven. Additional amenities include a work desk, seating area, and parquet floors. Local Attractions: Nearby attractions include Esquirol Metro Station (4-minute walk), Carmes Metro Station (1312 feet), and Jean-Jaures Metro Station (8-minute walk). Other points of interest include Zénith Toulouse Métropole (2.5 mi) and Toulouse Stadium (2.5 mi). Boating is available in the surroundings. Guest Satisfaction: Highly rated by guests for its convenient and central location, the apartment ensures a pleasant stay in Toulouse."
84,34,Toulouse,B&B Garonnella,https://www.booking.com/hotel/fr/b-amp-b-garonella.html,43.5537151492161,1.4408531785011292,9.7,"Elegant Accommodations: B&B Garonnella in Toulouse offers a swimming pool with a view, sun terrace, and lush garden. Guests enjoy free WiFi, air-conditioning, and a comfortable outdoor seating area. Comfortable Amenities: The property features one bedroom and bathroom with bathrobes, a tea and coffee maker, and a hairdryer. Additional amenities include a TV, electric kettle, and wardrobe. Breakfast and Location: A continental breakfast is served daily, including chocolates or cookies. Located 7.5 mi from Toulouse-Blagnac Airport, the bed and breakfast is near attractions such as Toulouse Stadium (2.5 mi) and Jardin Royal (3.1 mi). Guest Favorites: Guests highly rate the scenic location, attentive host, and delicious breakfast provided by the property."
85,34,Toulouse,Boutique Hotel SOCLO,https://www.booking.com/hotel/fr/soclo.html,43.60536,1.438261,9.3,"Comfortable Accommodations: Boutique Hotel SOCLO in Toulouse offers family rooms with garden views, balconies, and private bathrooms. Each room includes air-conditioning, free WiFi, and modern amenities. Exceptional Facilities: Guests can relax on the sun terrace, enjoy the seasonal outdoor swimming pool, and stroll through the lush garden. The property features a restaurant, bar, and coffee shop, complemented by free WiFi throughout. Dining Experience: The family-friendly restaurant serves French cuisine with brunch, lunch, dinner, high tea, and cocktails. Breakfast options include continental, American, buffet, vegetarian, and gluten-free selections, featuring champagne, local specialties, and fresh pastries. Prime Location: Located 4.3 mi from Toulouse-Blagnac Airport, the hotel is near attractions such as Place du Capitole (1969 feet) and Le Pont Neuf (less than 0.6 mi). Boating is available in the surrounding area."
86,34,Toulouse,Canal du Midi,https://www.booking.com/hotel/fr/canal-du-midi-toulouse21.html,43.61321738481934,1.424225116613127,9.5,"Comfortable Living Space: The Canal du Midi apartment in Toulouse offers a one-bedroom, one-bathroom layout with a spacious living room. Guests enjoy free WiFi, air-conditioning, and a fully equipped kitchen with a coffee machine, microwave, and oven. Convenient Facilities: The property provides free WiFi, airport shuttle service, and free parking. Additional amenities include a dining area, work desk, and soundproofing, ensuring a pleasant and comfortable stay. Prime Location: Located 3.1 mi from Toulouse-Blagnac Airport, the apartment is a short walk from Compans Caffarelli Metro Station and Pierre Baudis Japanese Garden. Nearby attractions include Zénith Toulouse Métropole and Place du Capitole, each 1.9 mi away. Guest Satisfaction: Highly rated by guests for its friendly host, convenient location, and impeccable room cleanliness, the Canal du Midi apartment offers a comfortable and memorable stay in Toulouse."
87,34,Toulouse,Chambres d'Hôtes En Aparté,https://www.booking.com/hotel/fr/chambres-d-hotes-en-aparte.html,43.629403625546,1.459832281871,9.7,"Comfortable Accommodations: Chambres d'Hôtes En Aparté in Toulouse offers family rooms with private bathrooms, air-conditioning, and parquet floors. Each room includes a work desk, seating area, and free WiFi. Relaxing Facilities: Guests can enjoy a saltwater swimming pool, terrace, and garden. Additional amenities include streaming services, a tea and coffee maker, and a hairdryer. Convenient Location: Located 5 mi from Toulouse-Blagnac Airport, the property is near attractions such as Amphitheater Purpan-Ancely (4.3 mi) and Toulouse Stadium (5 mi). An ice-skating rink is also nearby. Guest Satisfaction: Highly rated for its friendly host, quiet area, and central location."
88,34,Toulouse,Cocon Noely 2,https://www.booking.com/hotel/fr/noely-2.html,43.563413845228105,1.457915294990073,9.4,"Modern Comforts: Cocon Noely 2 in Toulouse offers a recently renovated apartment with one bedroom and a bathroom. Guests enjoy air-conditioning, a terrace, and a fully equipped kitchen with a coffee machine and stovetop. Outdoor Spaces: The property features a sun terrace and a garden, providing relaxing outdoor areas. Free WiFi is available throughout the apartment, ensuring connectivity for all visitors. Convenient Location: Located 8.1 mi from Toulouse-Blagnac Airport, the apartment is close to attractions such as Toulouse Stadium (2.5 mi) and Cité de l'Espace (5.6 mi). An ice-skating rink and boating are available in the surrounding area. Guest Services: Private check-in and check-out, beauty services, concierge, and a coffee shop enhance the guest experience. Free on-site private parking is provided for added convenience."
89,34,Toulouse,Cœur Capitole 122m2- Clim - Parking - Ascenseur- Métro,https://www.booking.com/hotel/fr/coeur-capitole-clim-parking-ascenseur.html,43.6051128,1.4458097,9.5,"Spacious and Modern: Cœur Capitole 122m2- Clim - Parking - Ascenseur- Métro in Toulouse offers a spacious, recently renovated apartment with four bedrooms and two bathrooms. The property features a living room, dining area, and balcony with city views. Comfortable Amenities: Guests enjoy free WiFi, air-conditioning, and a fully equipped kitchen with a washing machine. Additional amenities include a fireplace, TV, and soundproofing. Free parking is available on-site. Central Location: Located in the city center, the apartment is a few steps from Capitole Metro Station and a 3-minute walk to Place du Capitole. Toulouse-Blagnac Airport is 5 mi away. Nearby attractions include Jean-Jaures Metro Station (984 feet) and Zénith Toulouse Métropole (3.1 mi). Guest Satisfaction: Highly rated by guests for its central location and convenience, the apartment provides a convenient base for city trips."
90,34,Toulouse,Jungle Love Room,https://www.booking.com/hotel/fr/jungle-love-room.html,43.5823571,1.4651154,9.7,"Spacious Accommodations: Jungle Love Room in Toulouse offers a spacious apartment with one bedroom and one bathroom. The ground-floor unit features a private entrance and garden views. Relaxing Facilities: Guests can enjoy spa facilities, a sauna, and a hot tub. The property includes a sun terrace, outdoor seating area, and a lounge. Free WiFi is available throughout. Convenient Location: Located 6.2 mi from Toulouse-Blagnac Airport, the apartment is near attractions such as Toulouse Stadium (1.9 mi) and Jardin Royal (1.9 mi). An ice-skating rink and boating are available in the surroundings. Highly Rated by Guests: Jungle Love Room receives high ratings for its spaciousness and excellent facilities."
91,34,Toulouse,L'Ethnique 7p - Climatisation - Jardin - Parking - Salle de Sport,https://www.booking.com/hotel/fr/charmante-toulousaine-renovee.html,43.6652057606028,1.43278614963318,9.2,"Spacious Accommodations: L'Ethnique 7p in Toulouse offers a spacious apartment with three bedrooms and two bathrooms. The property features a sun terrace, garden, and free WiFi, ensuring a comfortable stay. Modern Amenities: Guests enjoy air-conditioning, a fully equipped kitchen, and a washing machine. Additional facilities include a elevator, indoor and outdoor play areas, and free on-site private parking. Convenient Location: Located 5.6 mi from Toulouse-Blagnac Airport and near attractions such as Amphitheater Purpan-Ancely (5.6 mi) and Zénith Toulouse Métropole (6.2 mi). Highly rated for room cleanliness and excellent host."
92,34,Toulouse,"L'Idrac, Appartements en Hyper centre",https://www.booking.com/hotel/fr/victor-toulouse.html,43.6011279105924,1.45239404870451,9.2,"Prime City Center Location: L'Idrac, Appartements en Hyper center in Toulouse offers a central location with Jardin Royal less than 0.6 mi away and Place du Capitole 0.6 mi from the property. The Toulouse-Blagnac Airport is 6.2 mi distant. Modern Amenities: Guests enjoy free WiFi, air-conditioning, and a private bathroom. The apartment features a kitchenette, balcony with city views, and a work desk. Additional amenities include a washing machine, dishwasher, and free toiletries. Convenient Facilities: The property offers a elevator, family rooms, luggage storage, and paid on-site private parking. Reception staff speak English, Spanish, and French. Nearby Attractions: Nearby attractions include Jean-Jaures Metro Station (7-minute walk), Capitole Metro Station (less than 0.6 mi), and an ice-skating rink and boating in the surroundings."
93,34,Toulouse,"L'Étage, hypercentre Toulousain, Climatisé",https://www.booking.com/hotel/fr/etage-hypercentre-toulousain.html,43.6058609,1.4509081,9.6,"Spacious Accommodations: L'Étage in Toulouse offers a spacious apartment with two bedrooms and a living room. The property features family rooms and a fully equipped kitchen with modern appliances. Modern Amenities: Guests enjoy free WiFi, air-conditioning, streaming services, and a washing machine. Additional amenities include a dishwasher, microwave, and a walk-in shower. Central Location: Located in the city center, the apartment is 4.3 mi from Toulouse-Blagnac Airport. Nearby attractions include Jeanne d'Arc Metro Station (7-minute walk) and Capitole Metro Station (1969 feet). Guest Satisfaction: Highly rated by guests for its central location, convenient services, and friendly host."
94,34,Toulouse,L'élégant - Capitole,https://www.booking.com/hotel/fr/appartement-coeur-de-toulouse.html,43.602929298942456,1.4443557773155158,9.4,"Prime City Center Location: L'élégant - Capitole in Toulouse offers a central location with key attractions nearby. Place du Capitole is 984 feet away, while Esquirol Metro Station is a 4-minute walk. Capitole Metro Station is 2 minutes on foot, and Jean-Jaures Metro Station is 1640 feet from the apartment. Comfortable Accommodations: The apartment features one bedroom and one bathroom, equipped with a washing machine, kitchen, and free WiFi. Additional amenities include a dining area, work desk, and soundproofing. Convenient Facilities: Guests benefit from private check-in and check-out, a minimarket, hairdresser/beautician, family rooms, and full-day security. Paid parking is available on site. Nearby Attractions: Toulouse-Blagnac Airport is 4.3 mi from the property. Other attractions include Zénith Toulouse Métropole and Toulouse Stadium, each 1.9 mi away. An ice-skating rink and boating are available in the surroundings."
95,34,Toulouse,"LE SAINT CYP - Toulouse - appart entier cosy et au calme, proche du métro",https://www.booking.com/hotel/fr/magnifique-t2-cosy-et-calme-toulouse-centre.html,43.59687851115621,1.4325640776006576,9.6,"Historic Setting: LE SAINT CYP in Toulouse offers a recently renovated apartment housed in a historic building. The property features parquet floors and an inner courtyard view, providing a unique and charming atmosphere. Modern Amenities: Guests enjoy free WiFi, a fully equipped kitchen with a coffee machine, microwave, and stovetop. Additional amenities include a washing machine, dining table, sofa bed, and a comfortable seating area. Convenient Location: Located 4.3 mi from Toulouse-Blagnac Airport, the apartment is a short walk from Saint-Cyprien Republique Metro Station. Nearby attractions include Le Pont Neuf (2297 feet) and Place du Capitole (1.2 mi). Guest Satisfaction: Highly rated for its convenient location, room comfort, and cleanliness, LE SAINT CYP ensures a pleasant and memorable stay."
96,34,Toulouse,La Bulle dans le Palmier,https://www.booking.com/hotel/fr/la-bulle-dans-le-palmier.html,43.5851158,1.4251803,9.7,"Comfortable Accommodations: La Bulle dans le Palmier in Toulouse offers family rooms with air-conditioning, private bathrooms, and garden views. Each room includes a wardrobe, soundproofing, and free toiletries. Exceptional Facilities: Guests enjoy a sun terrace, garden, and free WiFi. Additional amenities include a shared kitchen, outdoor seating area, picnic spots, and bicycle parking. Delicious Breakfast: A continental breakfast is served with juice, fresh pastries, and fruits. Room service and breakfast in the room are available. Prime Location: Located 4.3 mi from Toulouse-Blagnac Airport, the guest house is near attractions such as Toulouse Stadium (0.6 mi) and Toulouse Expo (18-minute walk). Surrounding activities include ice-skating and boating."
97,34,Toulouse,La Mélanotte,https://www.booking.com/hotel/fr/la-melanotte.html,43.566908,1.374998,9.2,"Comfortable Accommodations: La Mélanotte in Toulouse offers air-conditioned rooms with private bathrooms, garden views, and free WiFi. Each room includes a work desk, TV, and wardrobe, ensuring a pleasant stay. Outdoor Amenities: Guests can relax on the sun terrace or take a dip in the seasonal outdoor swimming pool. The property features a garden, outdoor seating area, and picnic spots, perfect for leisure activities. Breakfast and Services: A continental breakfast is served daily, including fresh pastries, fruits, and juice. Additional services include housekeeping, electric vehicle charging, and bicycle parking. Local Attractions: Located 3.7 mi from Toulouse-Blagnac Airport and near attractions such as Zénith Toulouse Métropole and Toulouse Stadium, La Mélanotte provides easy access to local highlights."
98,34,Toulouse,La bulle de Gaston,https://www.booking.com/hotel/fr/la-bulle-de-gaston.html,43.608816,1.437825,9.3,"Central Location: La bulle de Gaston in Toulouse offers a central setting with Compans Caffarelli Metro Station a 4-minute walk away and Place du Capitole within a 7-minute stroll. The Toulouse-Blagnac Airport is 4.3 mi from the property. Comfortable Accommodations: The bed and breakfast features a garden, terrace, and free WiFi. Guests enjoy amenities such as a kitchenette, private bathroom, and garden views. Breakfast and Services: A vegetarian breakfast is served with juice, fresh pastries, and fruits. Additional services include grocery delivery, outdoor seating, bicycle parking, and free on-site private parking. Nearby Attractions: Pierre Baudis Japanese Garden is 2625 feet away, Jeanne d'Arc Metro Station a 9-minute walk, and Capitole Metro Station less than 0.6 mi from the property. Boating is available in the surroundings."
99,34,Toulouse,"La loge du Minotaure, parking et bureaux",https://www.booking.com/hotel/fr/59m2-parking-bureaux-au-hall-de-la-machine-cosy-et-rare.html,43.57515408526752,1.473728208442644,9.7,"Comfortable Accommodations: La loge du Minotaure in Toulouse offers a 3-star apartment with two bedrooms and a living room. Guests enjoy a balcony with garden or city views, a kitchenette, and a washing machine. Modern Facilities: The property features a sun terrace, free WiFi, elevator, outdoor play area, and outdoor seating area. Additional amenities include family rooms, bicycle parking, express check-in and check-out, and a children's playground. Convenient Location: Located 8.7 mi from Toulouse-Blagnac Airport, the apartment is near attractions such as Zénith Toulouse Métropole (6.8 mi) and Cité de l'Espace (3.1 mi). An ice-skating rink is also nearby. Guest Satisfaction: Highly rated for its convenient location, nearby shops, and comfortable rooms."
100,34,Toulouse,Le Clos des Salins,https://www.booking.com/hotel/fr/le-clos-des-salins.html,43.594413616900646,1.44607275724411,9.6,"In the heart of Toulouse historic city center, 1476 feet from Carmes metro station, a 5-minute walk from tramway T2 which goes to the airport, and a 10-minute walk from Capitole Square, Le Clos des Salins is a modern building with free Wi-Fi.

Each apartment has air conditioning, a washing machine, a private bathroom with shower and hairdryer, and private toilets. There is also a seating area with flat-screen TV, a fully equipped kitchen and ironing facilities. The studios have access to a shared washing machine.

Set 9.9 mi from Toulouse-Blagnac Airport, Le Clos des Salins is also just 1.9 mi from the A620 Motorway."
